ROAD TRIP CSV ",."
Version,Language
2000,zh-Hant


加油記錄
里程 (km),旅程距離,日期,加油量,加油單位,單價,總價,未加滿,升/100公里,備註,油品,位置,支付,路況,重置,分類,旗標,幣別代碼,幣別匯率,緯度,經度,ID,Trip Comp Fuel Economy,Trip Comp Avg. Speed,Trip Comp Temperature,Trip Comp Drive Time,Tank Number
,,"2026-10-10 15:14",10.31,L,29.7,306.21,,,,,,,,Reset,,9,,1,,,3,,,,,0


維修記錄
描述,日期,里程 (km),支出,備註,位置,類型,子類型,支付,分類,提醒間隔,提醒距離,旗標,幣別代碼,幣別匯率,緯度,經度,ID,Notification Interval,Notification Distance,Repeat End Date
"換前輪","2026-10-10",,,"新領牌機車","",服務,"保養-更換",,"連工帶料,輪胎","3m",5000,1,,1,,,4,"1w",100
"排氣檢測","2026-10-10",,,"新領牌機車","",其它,"檢測-法定檢驗",,"法定檢驗","1y",,1,,1,,,8,"1w",100
"換後輪","2026-10-10",,,"新領牌機車","",服務,"保養-更換",,"連工帶料,輪胎","2y",10000,1,,1,,,10,"1w",100
"強制險","2026-10-10",,,,"",花費,"保險規費",,"保險","1y",,1,,1,,,12,"1w",100
"汽油濾芯（過濾器）","2026-10-10",,,,"",服務,"保養-更換",,"連工帶料,燃油系統",,,0,,1,,,14
"機油濾心（過濾器）","2026-10-10",,,"原廠週期：每10000km/24個月更換，首次1000km/2個月","",服務,"保養-更換",,"連工帶料,引擎","24m",10000,1,,1,,,16,"1w",100
"機油","2026-10-10",,,"原廠週期：每5000km/12個月更換，首次1000km/2個月","",服務,"保養-更換",,"連工帶料,引擎","12m",5000,1,,1,,,18,"1w",100
"空氣濾芯 檢查/清潔","2026-10-10",,,"原廠保養表3-6。首次5000km/12個月檢查，15000km/36個月時更換一次，其餘為檢查/清潔","",服務,"保養-檢查",,"連工帶料,引擎","12m",5000,1,,1,,,19,"1w",100
"排氣管/消音器安裝螺栓 鎖緊確認","2026-10-10",,,"原廠保養表3-6，需經銷商。首次1000km/2個月鎖緊確認，其後每10000km/24個月","",服務,"保養-檢查",,"連工帶料,排氣","24m",10000,1,,1,,,20,"1w",100
"汽門間隙 檢查/調整","2026-10-10",,,"原廠保養表3-6，需經銷商。首次1000km/2個月檢查，其後每5000km/12個月","",服務,"保養-檢查",,"連工帶料,引擎","12m",5000,1,,1,,,21,"1w",100
"火星塞 檢查/更換","2026-10-10",,,"原廠保養表3-6。每5000km/12個月檢查，每10000km/24個月更換（10000、20000...）","",服務,"保養-檢查",,"連工帶料,引擎","12m",5000,1,,1,,,22,"1w",100
"燃油軟管 檢查","2026-10-10",,,"原廠保養表3-6。首次5000km/12個月起檢查","",服務,"保養-檢查",,"連工帶料,燃油系統","12m",5000,1,,1,,,23,"1w",100
"燃油軟管 更換(定期)","2026-10-10",,,"原廠保養表3-6備註：不論里程，每4年更換一次","",服務,"保養-更換",,"連工帶料,燃油系統","48m",,1,,1,,,24,"1w"
"蒸發排放控制系統 檢查","2026-10-10",,,"原廠保養表3-6，需經銷商。首次10000km/24個月起檢查","",服務,"保養-檢查",,"連工帶料,排氣","24m",10000,1,,1,,,25,"1w",100
"節流閥拉索 遊隙檢查","2026-10-10",,,"原廠保養表3-6。首次1000km/2個月檢查，其後每5000km/12個月","",服務,"保養-檢查",,"連工帶料,油門系統","12m",5000,1,,1,,,26,"1w",100
"離合器拉索 檢查","2026-10-10",,,"原廠保養表3-6。首次5000km/12個月起檢查","",服務,"保養-檢查",,"連工帶料,傳動","12m",5000,1,,1,,,27,"1w",100
"傳動鏈 清潔潤滑及檢查","2026-10-10",,,"原廠保養表3-6：每1000公里清潔上鏈條油並檢查（純里程週期）","",服務,"保養-潤滑",,"自購自裝,傳動",,1000,1,,1,,,28,"1w",50
"煞車系統 檢查(來令片/總泵等)","2026-10-10",,,"原廠保養表3-6，需經銷商。首次1000km/2個月檢查，其後每5000km/12個月","",服務,"保養-檢查",,"連工帶料,煞車","12m",5000,1,,1,,,29,"1w",100
"煞車油 檢查","2026-10-10",,,"原廠保養表3-6。首次5000km/12個月起檢查","",服務,"保養-檢查",,"連工帶料,煞車","12m",5000,1,,1,,,30,"1w",100
"煞車油 更換(定期)","2026-10-10",,,"原廠保養表3-6備註：不論里程，每2年更換一次","",服務,"保養-更換",,"連工帶料,煞車","24m",,1,,1,,,31,"1w"
"煞車油管 檢查","2026-10-10",,,"原廠保養表3-6。首次5000km/12個月起檢查","",服務,"保養-檢查",,"連工帶料,煞車","12m",5000,1,,1,,,32,"1w",100
"煞車油管 更換(定期)","2026-10-10",,,"原廠保養表3-6備註：不論里程，每4年更換一次","",服務,"保養-更換",,"連工帶料,煞車","48m",,1,,1,,,33,"1w"
"輪胎 狀況檢查(胎壓/磨耗)","2026-10-10",,,"原廠保養表3-6。首次5000km/12個月起檢查胎紋深度與胎壓","",服務,"保養-檢查",,"連工帶料,輪胎","12m",5000,1,,1,,,34,"1w",100
"轉向系統(把手軸承) 檢查","2026-10-10",,,"原廠保養表3-6，需經銷商。首次1000km/2個月檢查，其後每10000km/24個月","",服務,"保養-檢查",,"連工帶料,轉向","24m",10000,1,,1,,,35,"1w",100
"前叉 檢查","2026-10-10",,,"原廠保養表3-6，需經銷商。首次10000km/24個月起檢查","",服務,"保養-檢查",,"連工帶料,懸吊","24m",10000,1,,1,,,36,"1w",100
"後懸吊 檢查","2026-10-10",,,"原廠保養表3-6，需經銷商。首次10000km/24個月起檢查","",服務,"保養-檢查",,"連工帶料,懸吊","24m",10000,1,,1,,,37,"1w",100
"底盤螺栓螺帽 鎖緊確認","2026-10-10",,,"原廠保養表3-6。首次1000km/2個月鎖緊確認，其後每5000km/12個月","",服務,"保養-檢查",,"連工帶料,底盤","12m",5000,1,,1,,,38,"1w",100
"全車潤滑保養","2026-10-10",,,"原廠保養表3-6：每1000公里潤滑各部位（純里程週期）","",服務,"保養-潤滑",,"自購自裝,全車",,1000,1,,1,,,39,"1w",50


旅程
名稱,開始日期,開始里程 (km),結束日期,結束里程,備註,行駛距離,ID,類型,分類,旗標
"2026 夏","2026-5-1",,"2026-8-31",,,,1,報告,,14
"我的第一個旅程","2026-7-16",,,,,,2,報告,,14
"2026 秋","2026-9-1",,"2026-12-31",,,,3,報告,,14
"2027 春","2027-1-1",,"2027-4-30",,,,4,報告,,14


車輛
名稱,里程,單位,備註,油箱容量,油箱單位,本地幣別,旗標,圖標ID,汽油單位,TripComp Units,TripComp Speed,TripComp Temperature,TripComp Time Enabled,Odometer Shift
"小油鳥SUZUKI V-Strom 250 SX","公里","升/100公里","車牌:
車架號:MB8EL11GZT8

保險名:
保險單號:
聯絡電話:

汽油種類：92 無鉛汽油
備註：樣版提供者：Alexander Lin
排氣量：249 C.C.",12,L,TWD,H40003,1000,1,,,,,


輪胎記錄
名稱,啟用日期,初始里程 (km),尺寸,尺寸調整,行駛距離,使用時間,備註,旗標,ID,上級ID
"原廠輪胎","2026-10-10",0,,,,"0天","瑪吉斯 100 / 90 - 19 M/C",0,1,0
"原廠輪胎","2026-10-10",0,,,,"0天","瑪吉斯140 / 70 - 17 M/C",1,2,0


VALUATIONS
Type,Date,Odometer,Price,Notes,Flags
Purchase,"2026-10-10",,,,0

